index,hight,width,estimate
0,5,1,3.889345299969656
1,4,2,10.259282278292176
2,4,2,3.890789114949256
3,3,2,3.9286066301980562
4,3,2,3.928586977544069
5,2,3,3.9678286551184816
0,2,1
4,3,5
