index,hight,width,estimate
0,5,1,72.26302614495478
1,4,2,72.26446995993439
2,4,2,65.5288794738344
3,3,2,9.878965927275612
4,3,2,9.8789855799296
5,2,3,9.918207604850025
3,4,2,0
