index,hight,width,estimate
0,5,2,14.51295953565147
1,5,2,3.9634128609389863
2,4,2,14.549649381324581
3,3,2,3.965414343674291
4,4,2,3.941687070997491
5,3,3,3.963466063219891
1,0,2
4,5,3
