index,hight,width,estimate
0,5,2,2.481690302794055
1,5,2,5.626305303496222
2,4,2,2.457320836213233
3,3,2,9.90431155356324
4,4,2,9.879738649686594
5,3,3,9.902340761730917
2,0,4,5
