index,hight,width,estimate
0,5,2,3.799341846495196
1,4,2,132.6883487480845
2,5,2,3.459297325757596
3,4,2,66.47221688947431
4,3,2,3.629319586126396
5,3,3,3.799341846495196
2,0,1
4,5,3
