index,hight,width,estimate
0,4,1,30.230598766845567
1,4,1,30.230409040190032
2,3,2,31.535939433655557
3,3,2,31.65761025107529
1,0,2,3

