index,hight,width,estimate
0,4,1,90.51202242949083
1,4,1,90.51200874062849
2,3,2,79.40870734025067
3,3,2,71.05605660483383
3,2,1,0

