index,hight,width,estimate
0,4,2,158.58900254129395
1,6,2,45.80821682500583
2,5,2,45.80821682500583
3,4,3,3.968363016797019
4,4,3,3.968363469986616
5,4,3,112.78218974318435
6,3,3,3.968502179686619
7,4,3,3.968363469986616
8,4,3,3.968502632876216
9,3,4,75.18843347625902
3,4,1,0
7,6,8,2
