index,hight,width,estimate,root_children
0,4,2,2.7670116110564327e+19,1
1,5,2,2.7670116110564327e+19,1
2,5,2,2.7670116110564327e+19,1
0,4,2,2.7670116110564327e+19,1
