index,hight,width,estimate
0,5,1,12326.812945680846
1,4,2,9000.136177809518
2,4,2,9000.114118169538
3,3,2,70670400.0220598
4,3,2,70670400.0220598
5,2,3,3000.0220598021892
5,2
