index,hight,width,estimate
0,5,1,57.35093244059589
1,4,2,58.55763125167869
2,4,2,51.511009347497584
3,3,2,27.724706379337
4,3,2,27.7247631825385
5,2,3,40.0169771959483
3,4,2,0
