index,hight,width,estimate
0,5,1,51131.09298217028
1,4,2,50043.71051671815
2,4,2,51356.591799062415
3,3,2,53441.222056202205
4,3,2,53441.23279825198
5,2,3,55780.27393078434
1,0,2
3,4,5
