index,hight,width,estimate
0,3,1,10.600204682667478
1,3,1,10.600203079513127
2,2,2,9.28350667638989
2,1,0

