index,hight,width,estimate
0,5,2,46799.586314070606
1,5,2,55780.50847544592
2,5,2,55780.50847544592
3,5,2,55780.54844228532
4,6,2,46799.586314070606
5,6,2,46799.586314070606
6,5,2,46799.586314070606
7,5,2,55780.54844228532
8,4,2,51234.79807622425
9,3,2,55780.52845886457
10,4,3,46799.586314070606
11,3,3,55780.54844228532
4,5,6,0
8,9,11
