index,hight,width,estimate
0,5,2,91168253.2937382
1,6,2,3188487496.082245
2,5,2,859478.178370825
3,5,2,1979.205376299566
4,6,2,859578.1831532257
5,4,2,1879.2005938987973
6,5,3,91168247.56295729
7,4,3,856915.1540574036
8,4,3,3188485857.8269787
9,6,3,3188487496.059045
10,4,3,857842.26013085
11,5,3,859478.178370825
12,5,3,857942.2649132507
13,4,3,1879.2005938987973
14,4,4,856909.4232764834
15,4,4,856909.4218458785
16,4,4,857842.26013085
5,13
