index,hight,width,estimate
0,4,2,39672.55402125519
1,5,2,47530.09686035838
2,5,2,47537.5440562821
3,3,2,55765.0019712026
4,4,2,47537.5440562821
5,3,3,55772.79170115375
0,1,2
4,3,5
