index,hight,width,estimate
0,4,1,30.230409040190032
1,4,1,30.230598766845567
0,1

