index,hight,width,estimate
0,4,1,90.51202242949083
1,4,1,90.51200874062849
1,0

