index,hight,width,estimate
0,5,2,13.137429981981333
1,5,3,43.686164240021476
0
1
