index,hight,width,estimate
0,3,1,2018.2303699139075
1,3,1,1979.6374269508706
2,3,1,1979.6374269508706
3,2,2,1979.637301702644
4,2,2,1979.637301702644
3,1,0
4,2
