index,hight,width,estimate,root_children
0,6,2,3.6893488147419103e+19,2
1,5,2,3.6893488147419103e+19,2
2,5,2,3.6893488147419103e+19,2
3,5,2,3.6893488147419103e+19,2
4,5,2,3.6893488147419103e+19,2
5,5,2,3.6893488147419103e+19,2
6,6,2,3.6893488147419103e+19,2
7,5,2,3.6893488147419103e+19,2
8,4,3,3.6893488147419103e+19,3
8,4,3,3.6893488147419103e+19,3
