index,hight,width,estimate
0,6,2,67.00274517450283
1,6,2,67.78789123327064
2,4,2,67.00274517450283
3,4,2,3.446964165729995
4,4,3,3.4466684445895948
5,4,3,2.403677377759995
6,4,3,3.968163978004395
7,3,3,3.968459699144795
8,3,3,3.968755420285195
5,4,6,0
3,7,8
