index,hight,width,estimate
0,5,2,12.1988584986498
1,5,3,26.884792957626473
0
1
