index,hight,width,estimate
0,6,2,41638.04451627441
1,5,2,36712.10570737111
2,5,3,44433.016526042775
3,4,3,49597.21623450767
4,4,3,39422.13778857348
5,6,3,47275.04531752828
6,3,3,52246.667456308875
7,4,3,44433.016526042775
8,3,3,52246.667456308875
9,4,3,44433.016526042775
10,4,4,47275.04531752828
11,4,4,55498.21045632783
12,3,4,52524.18495455918
13,3,4,55216.26357225677
14,3,4,52524.18495455918
15,4,4,47275.04531752828
16,3,5,55498.21045632783
1,4,0,2
9,7,15,6
