index,hight,width,estimate
0,5,2,563.6386365739664
1,6,2,616.5178641715523
2,5,3,607.6195196448997
3,4,3,660.4987472424856
4,4,3,579.3178062286969
5,6,3,530.125874384004
6,4,3,98.29435449426288
7,4,3,98.29435449426288
8,3,3,102.66567338640297
9,3,3,102.66619094078862
10,4,4,486.1449913130709
11,4,4,623.29868929963
12,3,4,142.27523756519608
13,3,4,142.27523756519608
14,4,4,113.97352414899328
15,3,4,118.34484304113337
16,3,5,157.95440721992648
6,7,8,9,10,5,0,4
