index,hight,width,estimate
0,5,2,98618603.03468326
1,6,2,514146703.0346832
2,4,3,8484303.000000011
3,5,3,1868437002.0
4,6,3,1145086801.0346832
5,4,3,8484302.03468326
6,3,3,98894590.33156551
7,4,3,107387709.11220884
8,4,3,107387709.11220884
9,3,3,98894590.33156551
10,4,4,8484302.000000011
11,4,4,1778302701.0
12,3,4,98618700.00000276
13,3,4,98618700.00000276
14,4,4,17253409.11220885
15,3,4,8760290.331565514
16,3,5,8484400.000002759
10,5
