index,hight,width,estimate
0,6,2,115.65034691129937
1,5,2,158.26045058678517
2,4,3,49.43421505268916
3,6,3,92.04431872817496
4,5,3,25.828186869564757
5,4,3,134.65442240366076
6,4,3,92.04431872817496
7,4,3,92.04431872817496
8,3,3,28.050187667389157
9,3,3,28.050187667389157
10,4,4,25.828186869564757
11,4,4,68.43829054505056
12,3,4,25.828186869564757
13,3,4,25.828186869564757
14,3,4,1.0176151484071938
15,4,4,68.43829054505056
16,3,5,2.493472383337594
4,10,2,11
14,16,12,13
