index,hight,width,estimate,root_children
0,6,3,1.1068046444225731e+20,3
1,7,3,1.1068046444225731e+20,2
2,8,3,1.1068046444225731e+20,3
3,9,3,1.1068046444225731e+20,2
4,7,3,1.1068046444225731e+20,2
5,6,3,1.1068046444225731e+20,3
6,7,3,1.1068046444225731e+20,3
7,8,4,1.1068046444225731e+20,2
8,7,4,1.1068046444225731e+20,4
9,6,5,1.1068046444225731e+20,2
1,7,3,1.1068046444225731e+20,2
