index,hight,width,estimate
0,5,2,55348.86758594915
1,6,2,55359.42985394994
2,4,2,55348.86758594915
3,4,2,55348.86758594915
4,5,2,55628.17725803165
5,5,2,55628.17725803165
6,4,3,55418.365316685886
7,5,3,55548.194480835904
8,4,3,55521.99103225748
9,6,3,55428.93143419033
10,3,3,55418.365316685886
11,4,3,55548.194342431394
12,4,3,55697.776713863146
13,4,3,55548.194480835904
14,4,4,55591.55069859607
15,4,4,55617.76354949426
16,4,4,55617.76354949426
0,1,6,9
2,3,10,11
