index,hight,width,estimate
0,6,2,39.566272979584
1,5,2,15.036662328420062
2,5,2,15.945840728533689
3,4,2,15.036662328420062
4,4,2,15.036662328420062
5,5,2,15.945840728533689
6,5,3,15.720314011282644
7,4,3,40.416830633422606
8,6,3,39.930009982276
9,4,3,15.400399331112062
10,3,3,15.400399331112062
11,4,3,15.720314011282644
12,4,3,15.720308863867306
13,4,3,16.309577731225687
14,4,4,16.084039939162714
15,4,4,40.78056170871802
16,4,4,16.084039939162714
1,3,4,9,10,12,6,14
