index,hight,width,estimate
0,6,2,1.7672957434890448
1,5,2,1.7120064362157108
2,5,2,3.1730526606224116
3,4,2,1.7120064362157108
4,5,2,3.1730526606224116
5,4,2,1.7120064362157108
6,4,3,2.617853397327655
7,6,3,2.131032746181045
8,4,3,2.0757434389077107
9,5,3,2.754888125464665
10,3,3,2.0757434389077107
11,4,3,2.754888125464665
12,4,3,2.7548881769388185
13,4,3,3.5367896633144116
14,4,4,2.9815844726230654
15,4,4,3.118619252234229
16,4,4,3.118619252234229
1,0,8,7
5,3,10,11
