index,hight,width,estimate,root_children
0,5,2,4.611686018427388e+19,2
1,6,3,4.611686018427388e+19,2
2,7,3,5.5340232221128655e+19,1
3,7,3,4.611686018427388e+19,2
4,7,3,5.5340232221128655e+19,1
5,7,3,5.5340232221128655e+19,1
6,6,3,4.611686018427388e+19,2
7,7,3,4.611686018427388e+19,2
8,6,4,4.611686018427388e+19,2
9,6,5,5.5340232221128655e+19,1
0,5,2,4.611686018427388e+19,2
