index,hight,width,estimate
0,5,2,6.6661076525505045
1,4,2,134.65436977412213
2,5,2,2.493506871933596
3,4,2,68.43823791551192
4,3,2,1.017649637003196
5,3,3,2.493506871933596
2,0,1
4,5,3
