index,hight,width,estimate,root_children
0,7,3,1.1068046444225731e+20,2
1,8,3,1.1068046444225731e+20,3
2,7,3,1.1068046444225731e+20,3
3,7,3,1.1068046444225731e+20,2
4,7,3,1.1068046444225731e+20,2
5,7,3,1.1068046444225731e+20,2
6,7,3,1.1068046444225731e+20,2
7,6,4,1.1068046444225731e+20,2
8,6,4,1.1068046444225731e+20,3
9,7,5,1.1068046444225731e+20,2
1,8,3,1.1068046444225731e+20,3
