index,hight,width,estimate
0,4,2,46946.17774214111
1,4,2,53113.662659228496
2,5,2,46946.17774214111
3,5,2,53113.662659228496
4,3,2,55780.4801225673
5,4,2,53725.39641490925
6,3,3,55243.91821060102
2,0,3,1
5,6,4
