index,hight,width,estimate,root_children
0,5,2,5.5340232221128655e+19,2
1,4,2,5.5340232221128655e+19,2
2,7,2,5.5340232221128655e+19,2
3,5,2,5.5340232221128655e+19,2
4,6,2,5.5340232221128655e+19,2
5,7,2,5.5340232221128655e+19,2
6,6,2,5.5340232221128655e+19,2
7,6,3,5.5340232221128655e+19,3
8,5,3,4.611686018427388e+19,2
9,5,3,5.5340232221128655e+19,3
7,6,3,5.5340232221128655e+19,3
