index,hight,width,estimate
0,5,2,234300.0001012089
1,5,2,400.0001174311737
2,4,2,234300.0000791042
3,3,2,234309.8631603397
4,4,2,468316.5713946251
5,3,3,234100.00002210468
1,5
