index,hight,width,estimate,root_children
0,7,3,1.1068046444225731e+20,3
1,7,3,1.1068046444225731e+20,2
2,7,3,1.1068046444225731e+20,3
3,7,3,1.1068046444225731e+20,2
4,8,3,1.1068046444225731e+20,2
5,7,3,1.1068046444225731e+20,2
6,8,3,1.1068046444225731e+20,2
7,7,4,1.1068046444225731e+20,2
8,7,4,1.1068046444225731e+20,2
9,6,5,1.1068046444225731e+20,2
1,7,3,1.1068046444225731e+20,2
