index,hight,width,estimate
0,3,1,3.452486762611811
1,2,1,3.452486762611811
0
1
