index,hight,width,estimate,root_children
0,6,2,6.456360425798343e+19,2
1,6,3,6.456360425798343e+19,2
2,5,3,6.456360425798343e+19,3
3,6,3,6.456360425798343e+19,3
4,5,3,6.456360425798343e+19,2
5,5,3,6.456360425798343e+19,3
6,5,3,6.456360425798343e+19,3
7,6,3,6.456360425798343e+19,2
8,6,4,6.456360425798343e+19,2
9,5,4,6.456360425798343e+19,2
2,5,3,6.456360425798343e+19,3
