index,hight,width,estimate
0,5,2,262802.0000000025
1,5,2,1202.0000000024863
2,5,2,262802.0000000025
3,5,2,4802.000000002487
4,6,2,132602.00000000247
5,5,2,1202.0000000024863
6,5,2,4802.000000002487
7,6,2,136202.0000000025
8,3,2,1000.0014257353716
9,4,2,1814.6118831823242
10,4,3,262802.0000000025
11,3,3,1000.0000110362053
11,8
