index,hight,width,estimate
0,5,2,51.473294300476695
1,4,2,37.2330650393034
2,5,2,70.4634625668308
3,4,2,84.70369182800411
4,4,2,20.492966916083596
5,3,2,16.363784576462223
6,3,3,34.5186659543144
5,4,1,0
