index,hight,width,estimate
0,5,2,53113.662659228496
1,4,2,53113.662659228496
2,4,2,46946.17774214111
3,5,2,46946.17774214111
4,4,2,53725.39641490925
5,3,2,55780.4801225673
6,3,3,55243.91821060102
3,2,0,1
4,6,5
