index,hight,width,estimate,root_children
0,8,2,8.301034833169298e+19,2
1,7,2,7.378697629483821e+19,2
2,6,2,8.301034833169298e+19,2
3,5,3,8.301034833169298e+19,3
4,7,3,8.301034833169298e+19,2
5,7,3,8.301034833169298e+19,3
6,6,3,8.301034833169298e+19,3
7,5,3,8.301034833169298e+19,3
8,7,3,7.378697629483821e+19,2
9,5,4,7.378697629483821e+19,2
3,5,3,8.301034833169298e+19,3
