index,hight,width,estimate,root_children
0,8,2,7.378697629483821e+19,2
1,6,2,8.301034833169298e+19,2
2,7,2,7.378697629483821e+19,2
3,5,3,7.378697629483821e+19,2
4,6,3,8.301034833169298e+19,3
5,5,3,7.378697629483821e+19,2
6,5,3,7.378697629483821e+19,3
7,7,3,7.378697629483821e+19,2
8,5,3,7.378697629483821e+19,2
9,5,4,8.301034833169298e+19,4
0,8,2,7.378697629483821e+19,2
