index,hight,width,estimate
0,5,2,17.752885187103665
1,6,2,2.4707160590122172
2,5,2,2.4707160590122172
3,6,2,2.4707160590122172
4,5,2,2.5070708198276503
5,4,2,2.5070708198276503
6,6,3,2.834453061704217
7,4,3,18.116622189795663
8,5,3,15.967723063757031
9,4,3,2.4708556073194003
10,4,3,2.8689340991922374
11,4,3,2.4708556073194003
12,5,3,2.4708556073194003
13,5,3,2.834453061704217
14,4,4,16.3314549752256
15,4,4,2.8345867473214033
16,4,4,2.8345867473214033
1,3,2,9
