index,hight,width,estimate
0,5,2,3.4561112875418116
1,6,2,3.319234039638746
2,5,2,3.319228227860983
3,6,2,3.319228227860983
4,4,2,3.468173071320911
5,5,2,3.468173071320911
6,6,3,3.682971042330746
7,5,3,3.4564083807895316
8,4,3,3.8198482902338116
9,4,3,3.319373587945929
10,4,3,3.831910074012911
11,5,3,3.6829652305529827
12,4,3,3.319373587945929
13,5,3,3.319373587945929
14,4,4,3.8201512461715286
15,4,4,3.6831047279479314
16,4,4,3.6831047279479314
1,9,0,7
3,2,13,12
