index,hight,width,estimate
0,3,1,-50043.07397131878
1,3,1,-48082.266276977
2,3,1,-48082.266276977
3,2,2,-48082.26501581207
4,2,2,-48082.26501581207
0,1
2,4
