index,hight,width,estimate,root_children
0,7,3,7.378697629483821e+19,2
1,5,4,7.378697629483821e+19,2
2,7,4,6.456360425798343e+19,2
3,6,4,6.456360425798343e+19,2
4,5,4,7.378697629483821e+19,2
5,6,5,5.5340232221128655e+19,2
6,6,5,6.456360425798343e+19,2
7,5,5,6.456360425798343e+19,2
8,6,6,6.456360425798343e+19,2
9,4,7,5.5340232221128655e+19,2
0,7,3,7.378697629483821e+19,2
