index,hight,width,estimate
0,5,2,55684.39061743512
1,5,2,51098.63609150615
2,4,2,55684.39061743512
3,4,2,51098.63609150615
4,4,2,55732.48268921621
5,3,2,55606.86642185609
6,4,2,55780.57821126736
1,3,0,2
5,4,6
