index,hight,width,estimate
0,5,2,3.9634128609389863
1,4,2,14.549649381324581
2,5,2,14.51295953565147
3,4,2,3.941687070997491
4,3,2,3.965414343674291
5,3,3,3.963466063219891
0,2,1
3,5,4
