index,hight,width,estimate
0,4,1,8.007913211620155
1,4,2,6.28079124891196
2,3,3,4.008166452808796
2,1
0
