index,hight,width,estimate
0,5,2,71.15001543854451
1,5,2,21.1194514580996
2,4,2,21.1194514580996
3,4,2,71.15001543854451
4,3,2,3.9688333235568227
5,4,2,16.248666148512104
6,3,3,1.1624660189931957
1,2,0,3
6,4,5
