index,hight,width,estimate
0,6,2,31.504433033329086
1,6,2,31.45077383793862
2,4,2,31.45077383793862
3,4,2,3.458819530897131
4,4,3,3.4591636804396337
5,4,3,2.8490072903707624
6,4,3,4.659912603163491
7,3,3,2.8486594428443817
8,3,3,2.8483115932210086
5,4,6,1
8,7,3
