index,hight,width,estimate
0,6,2,104.12465773365079
1,4,2,66.45293530181499
2,6,2,66.45293530181499
3,4,2,80.28737446654998
4,4,3,110.4335226516078
5,4,3,109.98065028732569
6,4,3,147.58374955002878
7,3,3,80.8088699999648
8,3,3,80.80916572110519
2,1,3,7,8,0,5,4,6
