index,hight,width,estimate,root_children
0,6,2,3.6893488147419103e+19,2
1,4,2,3.6893488147419103e+19,2
2,6,2,4.611686018427388e+19,1
3,4,2,1.8446744073709552e+19,2
4,4,3,3.6893488147419103e+19,1
5,4,3,2.7670116110564327e+19,2
6,4,3,2.7670116110564327e+19,2
7,3,3,9.223372036854776e+18,3
8,3,3,9.223372036854776e+18,2
2,6,2,4.611686018427388e+19,1
