index,hight,width,estimate
0,6,2,104.12465773365079
1,6,2,66.45293530181499
2,4,2,66.45293530181499
3,4,2,80.28737446654998
4,4,3,110.4335226516078
5,4,3,147.58374955002878
6,4,3,110.4335226516078
7,3,3,80.8088699999648
8,3,3,80.80916572110519
1,2,3,7
