index,hight,width,estimate
0,6,2,47.85191393474247
1,4,2,20.515624484931156
2,5,2,47.85191393474247
3,4,3,37.59425920618947
4,4,3,10.257969756378156
5,4,3,37.594337775794074
6,4,3,37.59425920618947
7,4,3,10.258048325982756
8,3,3,3.969173060017194
9,3,4,3.969120873933594
4,1,3,0
9,8,7,6
