index,hight,width,estimate
0,6,2,55.06099079979433
1,4,2,7.5324886998985665
2,6,2,206.24908829070856
3,5,2,11.199070247898566
0,2
1,3
