index,hight,width,estimate
0,4,2,54994.40291573667
1,5,2,55268.70233411997
2,5,2,55699.07990107897
3,3,2,54994.40291573667
4,4,2,55268.70233411997
5,4,2,55699.07990107897
0,1,2
3,4,5
