index,hight,width,estimate
0,4,2,50415.22144874694
1,5,2,50415.22144874694
2,4,2,54064.073129846074
3,5,2,54064.073129846074
4,3,2,55780.48315822476
5,4,2,54117.30555252515
6,3,3,55435.77097167363
1,0,3,2
5,6,4
