index,hight,width,estimate
0,4,2,78.60550145860256
1,5,2,71.12427780396638
2,4,2,51.70315548402561
3,5,2,59.184379138661804
4,3,2,10.26558732270988
5,4,2,14.47622722896362
6,3,3,23.48065686155449
4,5,2,3
