index,hight,width,estimate
0,5,2,202587001.20002964
1,4,2,51771201.20002963
2,5,2,661767600.0000025
3,4,2,3001.0000025319364
4,4,2,10353840.000150518
5,3,2,230.0738177424545
6,3,3,10353740.000022104
5,3
