index,hight,width,estimate
0,4,2,13.55886980110115
1,4,2,42.798655512209386
2,5,2,42.798655512209386
3,5,2,13.55886980110115
4,3,2,3.968849178612145
5,4,2,13.136534586253385
6,3,3,2.166815030453116
3,0,2,1
6,4,5
