index,hight,width,estimate
0,5,2,3.836939462897007
1,4,2,7.276118268374715
2,5,2,7.7612864805796775
3,3,2,7.276118268374715
4,4,2,3.836939462897007
5,4,2,7.7612864805796775
0,4,1,3
