index,hight,width,estimate
0,5,2,70667742.4625143
1,4,2,85449000.00011435
2,5,2,14781710.885029553
3,4,2,14781610.884972379
4,3,2,85448900.00005718
5,4,2,70667642.46245712
3,2
