index,hight,width,estimate
0,5,2,53441.41676106157
1,4,2,51525.504131830174
2,5,2,55287.714922745356
3,4,2,53441.41676106157
4,3,2,51525.504131830174
5,4,2,55287.714922745356
1,0,2
4,3,5
