index,hight,width,estimate
0,5,2,41306.025663820634
1,5,2,55780.57175627882
2,5,2,46799.608507835845
3,6,2,46799.608507835845
4,5,2,51234.82408065805
5,6,2,46799.608507835845
6,5,2,55780.57175627882
7,5,2,46799.608507835845
8,4,2,51234.82083010362
9,3,2,55780.57508684955
10,4,3,46799.608507835845
11,3,3,55780.57175627882
0,5,3,2
8,11,9
