index,hight,width,estimate
0,5,2,-28744.122640977374
1,6,2,423870.6550259981
2,4,3,5196.139430039337
3,4,3,138456.52205254775
0,2,3,1

