index,hight,width,estimate
0,4,2,42.798655512209386
1,5,2,13.55886980110115
2,5,2,42.798655512209386
3,4,2,13.55886980110115
4,4,2,13.136534586253385
5,3,2,3.968849178612145
6,3,3,2.166815030453116
1,3,2,0
6,5,4
