index,hight,width,estimate
0,5,2,5344901.000107045
1,4,2,101.00010758184148
2,4,2,1781701.5000025788
3,5,2,78333301.50000313
4,4,2,891000.0005592222
5,3,2,290.6678784978816
6,3,3,890900.000072462
1,5
