index,hight,width,estimate,root_children
0,6,2,6.456360425798343e+19,2
1,7,2,6.456360425798343e+19,2
2,7,2,6.456360425798343e+19,2
3,6,2,7.378697629483821e+19,2
4,5,3,6.456360425798343e+19,3
5,6,3,6.456360425798343e+19,2
6,6,3,6.456360425798343e+19,3
7,4,3,6.456360425798343e+19,3
8,5,3,6.456360425798343e+19,3
9,5,4,6.456360425798343e+19,4
0,6,2,6.456360425798343e+19,2
