index,hight,width,estimate
0,4,2,132.4936270780175
1,5,2,66.33875332112711
2,5,2,66.27749521940731
3,3,2,3.8879886071703957
4,4,2,66.27749521940731
5,3,3,3.928676357017196
2,1,0
3,5,4
