index,hight,width,estimate
0,5,2,26.981886694945256
1,5,2,6448.614448225099
2,5,3,42.69581510901281
3,5,3,68.74893565709647
0,2,3,1

