index,hight,width,estimate
0,6,3,3.474222420278112
1,5,3,3.294973829009341
2,4,3,2.880087591807321
3,5,4,3.1004366675864548
2,3,1,0

