index,hight,width,estimate,root_children
0,5,2,6.456360425798343e+19,2
1,5,3,6.456360425798343e+19,3
2,4,3,6.456360425798343e+19,3
3,5,3,6.456360425798343e+19,2
4,6,3,6.456360425798343e+19,2
5,5,3,6.456360425798343e+19,3
6,5,3,6.456360425798343e+19,2
7,7,3,6.456360425798343e+19,2
8,6,4,6.456360425798343e+19,2
9,6,4,6.456360425798343e+19,2
0,5,2,6.456360425798343e+19,2
