index,hight,width,estimate
0,5,2,44481.57655033714
1,5,2,44481.5981605155
2,4,2,44459.94223901449
3,5,2,44481.5981605155
4,5,2,44481.57655033714
5,6,2,44481.57655033714
6,6,2,44481.57655033714
7,6,2,44481.57655033714
8,5,2,44459.92063660641
9,4,2,44481.5981605155
10,5,2,44459.92063660641
11,6,2,44481.57655033714
8,10,2,5,6,11,7,0,4,1

