index,hight,width,estimate
0,4,3,4.759542364899788
1,6,3,-487.66315686266597
2,5,3,8.371573789836706
3,5,4,4.972527879422931
1,0,3,2

