index,hight,width,estimate
0,5,3,7.4727158559153555
1,4,3,2.316140979457299
2,6,3,269.3087758638053
3,5,4,2.128386287250659
3,1,0,2

