index,hight,width,estimate
0,5,3,3.599877838635352
1,6,3,3.433726991671243
2,4,3,3.9417339880579507
3,5,4,3.7539439318058587
1,0,3,2

