index,hight,width,estimate
0,6,3,3.433726817717631
1,5,3,3.599877838635352
2,4,3,3.9417339880579507
3,5,4,3.7539439318058587
0,1,3,2

