index,hight,width,estimate
0,5,1,55765.2621267809
1,4,2,54480.364458908094
2,4,2,55765.53854225002
3,3,2,55772.77877146002
4,3,2,55772.77500885407
5,2,3,55780.28818568905
1,0,2
4,3,5
