index,hight,width,estimate
0,5,1,54758.10976651348
1,4,2,52436.46247881255
2,4,2,54926.86964779594
3,3,2,55268.51699342329
4,3,2,55268.46771875583
5,2,3,55780.19671133579
1,0,2
4,3,5
