index,hight,width,estimate
0,5,2,47005.53015697186
1,4,2,39422.14448485518
2,5,2,47275.052397237756
3,3,2,55216.271022527406
4,4,2,47275.052397237756
5,3,3,55498.21791946507
1,0,2
4,3,5
