index,hight,width,estimate
0,5,2,26.534204945795096
1,5,2,35.50583968419141
2,4,2,23.567691850984097
3,3,2,41.77396746224484
4,4,2,37.4021310157191
5,3,3,81.38301408665228
2,0,4,3
