index,hight,width,estimate
0,4,2,8484600.000079103
1,5,2,400.0001174311737
2,5,2,8484600.000101207
3,3,2,8760290.33158486
4,4,2,17253409.112228196
5,3,3,8484400.000022104
1,5
