index,hight,width,estimate
0,4,2,54994.40291573667
1,5,2,55699.07990107897
2,5,2,55268.70233411997
3,4,2,55268.70233411997
4,3,2,54994.40291573667
5,4,2,55699.07990107897
0,2,1
4,3,5
