index,hight,width,estimate,root_children
0,6,2,4.611686018427388e+19,2
1,5,2,5.5340232221128655e+19,2
2,5,2,4.611686018427388e+19,2
3,6,2,5.5340232221128655e+19,2
4,5,2,5.5340232221128655e+19,2
5,6,2,4.611686018427388e+19,2
6,5,2,4.611686018427388e+19,2
7,6,2,4.611686018427388e+19,2
8,6,2,4.611686018427388e+19,2
9,5,3,5.5340232221128655e+19,3
9,5,3,5.5340232221128655e+19,3
