index,hight,width,estimate,root_children
0,5,3,4.611686018427388e+19,2
1,6,3,5.5340232221128655e+19,1
2,7,3,5.5340232221128655e+19,2
3,5,3,4.611686018427388e+19,2
4,7,3,6.456360425798343e+19,1
5,6,3,6.456360425798343e+19,2
6,8,4,7.378697629483821e+19,1
7,5,4,6.456360425798343e+19,1
8,5,4,4.611686018427388e+19,2
9,4,6,4.611686018427388e+19,2
0,5,3,4.611686018427388e+19,2
