index,hight,width,estimate,root_children
0,5,2,4.611686018427388e+19,2
1,6,2,4.611686018427388e+19,2
2,4,3,3.6893488147419103e+19,2
3,6,3,3.6893488147419103e+19,2
4,5,3,3.6893488147419103e+19,2
5,4,3,3.6893488147419103e+19,2
6,4,4,2.7670116110564327e+19,2
7,4,4,2.7670116110564327e+19,2
0,5,2,4.611686018427388e+19,2
