index,hight,width,estimate,root_children
0,5,2,3.6893488147419103e+19,2
1,6,2,3.6893488147419103e+19,2
2,5,2,3.6893488147419103e+19,2
3,5,2,3.6893488147419103e+19,2
4,5,2,3.6893488147419103e+19,2
5,5,2,3.6893488147419103e+19,2
6,5,2,3.6893488147419103e+19,2
7,6,2,3.6893488147419103e+19,2
8,4,3,3.6893488147419103e+19,3
0,5,2,3.6893488147419103e+19,2
