index,hight,width,estimate
0,4,2,48910.702527348905
1,5,2,53409.88840917515
2,4,2,53409.88840917515
3,5,2,48910.702527348905
4,3,2,55780.5786925775
5,4,2,53409.88840917515
6,3,2,55780.5786925775
7,4,2,51285.41297129732
8,3,3,55780.5786925775
9,3,3,53566.895997652886
3,0,1,2
7,5,9,6
