index,hight,width,estimate
0,5,2,53189.412995827275
1,6,2,53189.412995827275
2,5,2,55780.57841742034
3,5,2,55780.57175627882
4,5,2,55780.57175627882
5,6,2,53189.412995827275
6,5,2,53189.412995827275
7,5,2,55780.57841742034
8,4,2,54480.54974427038
9,3,2,55780.57508684955
10,4,3,53189.412995827275
11,3,3,55780.57175627882
1,5,6,0
8,11,9
