index,hight,width,estimate
0,6,2,55777.66752064732
1,5,2,55780.57175627882
2,5,2,41306.025663820634
3,5,2,55777.66752064732
4,5,2,55780.57841742034
5,6,2,55777.66752064732
6,5,2,55777.66752064732
7,5,2,55780.57175627882
8,4,2,55779.11963295771
9,3,2,55780.57841742034
10,4,3,55777.66752064732
11,3,3,55780.57175627882
2,0,5,6
8,11,9
