index,hight,width,estimate
0,4,1,6.93003749582697
1,4,2,1.0135995493482182
2,3,3,2.9726035668581923
1,2
0
