index,hight,width,estimate
0,3,1,3.795479600218696
1,2,2,3.969433038275174
0,1

