index,hight,width,estimate
0,3,2,3.969433038275174
1,3,2,3.795479600218696
1,0

