index,hight,width,estimate
0,3,1,54437.280342440376
1,3,1,54437.275205920625
1,0

