index,hight,width,estimate
0,3,1,6.007053450334564
1,2,1,6.007053075599626
0
1
