index,hight,width,estimate
0,5,2,2.4317128805643775
1,4,2,1.7617309409613782
2,5,2,1.2233769344925034
3,3,2,1.7617309409613782
4,4,2,2.4317128805643775
5,4,2,1.2233769344925034
2,5,1,3
