index,hight,width,estimate
0,5,2,1.2922698776479615
1,4,2,6.194944486965543
2,5,2,3.5435945805681417
3,3,2,6.194944486965543
4,4,2,3.5435945805681417
5,4,2,1.2922698776479615
0,2,1
5,4,3
