index,hight,width,estimate
0,4,2,1.5822948290181031
1,6,2,15.691483084219122
2,5,2,15.691483084219122
3,4,3,46.11631773024312
4,4,3,67.13398230823151
5,4,3,19.014368210901388
6,3,3,70.78773513824575
7,4,3,46.11645689313272
8,4,3,46.11631773024312
9,3,4,43.98421395941607
0,1,2,5
