index,hight,width,estimate,root_children
0,5,3,7.378697629483821e+19,2
1,5,3,7.378697629483821e+19,3
2,6,3,7.378697629483821e+19,3
3,8,3,7.378697629483821e+19,2
4,6,3,7.378697629483821e+19,2
5,6,3,7.378697629483821e+19,3
6,5,4,7.378697629483821e+19,3
7,6,4,7.378697629483821e+19,2
8,7,4,7.378697629483821e+19,2
9,5,6,7.378697629483821e+19,2
1,5,3,7.378697629483821e+19,3
