index,hight,width,estimate
0,3,1,10.535085795467548
1,3,1,10.535086182614188
2,2,2,9.644840922359325
2,0,1

