index,hight,width,estimate
0,5,2,1.2922698776479615
1,5,2,3.5435945805681417
2,4,2,6.194944486965543
3,4,2,3.5435945805681417
4,3,2,6.194944486965543
5,4,2,1.2922698776479615
0,1,2
5,3,4
