index,hight,width,estimate
0,4,2,4.859088031526497
1,3,3,4.8584581785865275
2,3,3,2.8494720436891363
3,3,4,2.8488188849430873
3,2,1,0

