index,hight,width,estimate
0,5,1,55688.56333936735
1,5,2,55688.56333936735
2,5,2,55734.53038685989
3,5,2,41306.001115533436
4,6,2,55688.56333936735
5,5,2,41305.982704320464
6,5,2,55688.56333936735
7,6,2,55688.56333936735
8,5,2,55734.55036548035
9,4,2,41305.982704320464
10,4,2,55688.56333936735
11,4,3,55688.56333936735
5,3,4,7
9,0,10
