index,hight,width,estimate
0,6,2,1.7672957434890448
1,5,2,1.7120064362157108
2,4,2,1.7120064362157108
3,4,2,1.7120064362157108
4,5,2,3.1730526606224116
5,5,2,3.1730526606224116
6,4,3,2.0757434389077107
7,6,3,2.131032746181045
8,5,3,2.754888125464665
9,4,3,2.617853397327655
10,4,3,3.5367896633144116
11,4,3,2.754888125464665
12,4,3,2.7548881769388185
13,3,3,2.0757434389077107
14,4,4,3.118619252234229
15,4,4,2.9815844726230654
16,4,4,3.118619252234229
1,0,6,7
2,3,13,11
