index,hight,width,estimate,root_children
0,5,2,2.7670116110564327e+19,2
1,4,2,2.7670116110564327e+19,2
2,4,2,3.6893488147419103e+19,2
3,5,2,3.6893488147419103e+19,2
0,5,2,2.7670116110564327e+19,2
