index,hight,width,estimate,root_children
0,4,2,3.6893488147419103e+19,2
1,6,2,3.6893488147419103e+19,2
2,4,3,2.7670116110564327e+19,2
3,4,3,2.7670116110564327e+19,2
4,3,3,9.223372036854776e+18,3
5,4,3,1.8446744073709552e+19,3
6,3,4,9.223372036854776e+18,4
4,3,3,9.223372036854776e+18,3
