index,hight,width,estimate,root_children
0,7,2,6.456360425798343e+19,2
1,5,3,6.456360425798343e+19,2
2,7,3,6.456360425798343e+19,2
3,5,3,6.456360425798343e+19,2
4,5,3,6.456360425798343e+19,3
5,5,3,6.456360425798343e+19,2
6,7,3,6.456360425798343e+19,2
7,5,3,6.456360425798343e+19,3
8,6,4,6.456360425798343e+19,2
9,4,4,6.456360425798343e+19,3
4,5,3,6.456360425798343e+19,3
