index,hight,width,estimate
0,4,2,132.4323689762977
1,5,2,3.969364106863996
2,5,2,3.969364106863996
3,4,2,66.21623711768751
4,3,2,3.969364106863996
5,3,3,3.969364106863996
1,2,0
5,4,3
