index,hight,width,estimate
0,5,1,68.5107138971735
1,4,2,56.24401252541944
2,4,2,69.39648568947749
3,3,2,18.148845706834898
4,3,2,18.148587657428052
5,2,3,20.8249016497816
4,3,1,0
