index,hight,width,estimate
0,4,2,824435400.5000007
1,5,2,1091853000.0000014
2,4,2,101.00000144148115
3,5,2,944834700.5000007
4,4,2,66854600.000144854
5,3,2,66854600.00007239
6,4,2,391.73878571483806
7,3,2,291.73878578911655
8,4,2,391.7387857147376
9,3,2,291.73878578882295
10,4,2,66854600.00021126
11,3,3,291.73871332718625
12,3,3,66854500.000072464
2,11
