index,hight,width,estimate
0,3,1,10.535086182614188
1,3,1,10.535085795467548
1,0

