index,hight,width,estimate
0,3,2,31.334339003940414
1,3,2,31.65761025107529
0,1

