index,hight,width,estimate,root_children
0,5,2,5.5340232221128655e+19,2
1,4,3,4.611686018427388e+19,2
2,5,3,3.6893488147419103e+19,2
3,4,3,4.611686018427388e+19,3
4,5,3,4.611686018427388e+19,2
5,6,3,4.611686018427388e+19,2
6,5,3,4.611686018427388e+19,2
7,5,3,3.6893488147419103e+19,2
8,6,4,5.5340232221128655e+19,1
9,4,4,3.6893488147419103e+19,3
0,5,2,5.5340232221128655e+19,2
