index,hight,width,estimate
0,5,2,16.649983730473366
1,6,2,16.649983730473366
2,6,2,16.649983730473366
3,5,2,2.847656616306957
4,5,2,16.649983730473366
5,5,2,2.847656616306957
6,5,2,2.847615692218489
7,5,2,2.847615692218489
8,4,2,10.305360020314495
9,3,2,2.8476361542663513
10,4,3,16.649983730473366
11,3,3,2.847656616306957
6,7,3,5
9,11,8
