index,hight,width,estimate
0,6,2,47354.016087137396
1,6,2,47449.39483140214
2,4,2,47449.39483140214
3,4,2,55680.58708586235
4,4,3,55680.530495736835
5,4,3,55680.530495736835
6,4,3,55481.04459492887
7,3,3,55780.46477061547
8,3,3,55780.408150953706
0,1,2,6
3,8,7
