index,hight,width,estimate,root_children
0,5,3,5.5340232221128655e+19,2
1,7,3,5.5340232221128655e+19,2
2,7,4,4.611686018427388e+19,2
3,5,4,4.611686018427388e+19,2
4,4,4,4.611686018427388e+19,2
5,5,4,4.611686018427388e+19,2
6,5,5,3.6893488147419103e+19,2
7,5,5,3.6893488147419103e+19,2
8,4,5,4.611686018427388e+19,2
9,4,5,4.611686018427388e+19,2
0,5,3,5.5340232221128655e+19,2
