index,hight,width,estimate
0,6,2,514146703.0346832
1,5,2,98618603.03468326
2,5,3,98618603.0
3,4,3,8484303.000000011
4,4,3,8484302.03468326
5,6,3,514146702.0346832
6,4,3,107388809.1126034
7,4,3,107388809.1126034
8,3,3,98895690.33196007
9,3,3,98895690.33196007
10,4,4,1778302701.0
11,4,4,639424401.0
12,3,4,8761390.33196006
13,3,4,98619800.00039731
14,4,4,17254509.112603392
15,3,4,98619800.00039731
16,3,5,8485500.000397304
4,3
