index,hight,width,estimate
0,6,2,616.5176476431249
1,5,2,563.638420045539
2,5,3,526.4019168570661
3,6,3,632.1966259488821
4,4,3,579.3173983512962
5,4,3,660.4983393650849
6,3,3,140.79897245286497
7,4,3,98.29394661686217
8,4,3,98.29394661686217
9,3,3,140.79897245286497
10,4,4,623.2980900732563
11,4,4,676.1773176708422
12,3,4,156.47795075862217
13,4,4,113.97292492261937
14,3,4,142.27463833882217
15,3,4,142.27463833882217
16,3,5,157.95361664457937
7,8,2,1
