index,hight,width,estimate
0,6,2,115.65092308839976
1,5,2,158.26102676388555
2,4,3,134.65528666931135
3,6,3,92.04518299382556
4,5,3,92.04518299382556
5,4,3,49.43507931833976
6,3,3,28.05105193303976
7,3,3,28.05105193303976
8,4,3,92.04518299382556
9,4,3,92.04518299382556
10,4,4,68.43944289925136
11,4,4,25.829339223765558
12,3,4,25.829339223765558
13,4,4,68.43944289925136
14,3,4,1.016849752514394
15,3,4,25.829339223765558
16,3,5,2.492515638471594
11,5,10,3
14,16,12,15
