index,hight,width,estimate,root_children
0,5,1,2.7670116110564327e+19,1
1,5,1,2.7670116110564327e+19,1
2,4,2,2.7670116110564327e+19,1
3,4,2,1.8446744073709552e+19,2
4,3,2,9.223372036854776e+18,2
5,3,3,9.223372036854776e+18,3
5,3,3,9.223372036854776e+18,3
