index,hight,width,estimate
0,5,2,400.0001174311737
1,5,2,400.0001012088718
2,4,2,400.0000791041924
3,3,2,200.00006043164598
4,4,2,300.00006165675995
5,3,3,200.00002210467937
5,3
