index,hight,width,estimate
0,6,3,-487.66315686266597
1,5,3,8.371573789836706
2,4,3,4.759542364899788
3,5,4,4.972527879422931
0,2,3,1

