index,hight,width,estimate
0,5,2,158.26102676388555
1,6,2,115.65092308839976
2,5,3,25.829339223765558
3,6,3,92.04518299382556
4,4,3,134.65528666931135
5,4,3,49.43507931833976
6,4,3,92.04518299382556
7,3,3,28.05105193303976
8,3,3,28.05105193303976
9,4,3,92.04518299382556
10,4,4,68.43944289925136
11,4,4,25.829339223765558
12,3,4,25.829339223765558
13,4,4,68.43944289925136
14,3,4,25.829339223765558
15,3,4,1.016849752514394
16,3,5,2.492515638471594
2,11,5,10
15,16,14,12
