index,hight,width,estimate
0,6,2,3.319234039638746
1,5,2,3.4561112875418116
2,4,2,3.468173071320911
3,5,2,3.468173071320911
4,6,2,3.319228227860983
5,5,2,3.319228227860983
6,4,3,3.319373587945929
7,6,3,3.682971042330746
8,4,3,3.8198482902338116
9,5,3,3.4564083807895316
10,5,3,3.319373587945929
11,5,3,3.6829652305529827
12,4,3,3.831910074012911
13,4,3,3.319373587945929
14,4,4,3.8201512461715286
15,4,4,3.6831047279479314
16,4,4,3.6831047279479314
0,6,1,9
4,5,10,13
