index,hight,width,estimate
0,4,2,44459.94223901449
1,4,2,44481.56432937635
2,5,2,44459.908420039865
3,5,2,54130.81012684284
4,5,2,45971.470898267144
5,5,2,54130.81524204895
6,4,3,-4559.4270669587795
7,4,3,-3261.426998852149
6,7,2,0,1,4,3,5

