index,hight,width,estimate
0,3,2,44481.56432937635
1,4,3,44481.80153362584
2,3,3,-4559.4270669587795
3,3,4,-4579.959872962679
3,2,0

