index,hight,width,estimate
0,4,2,3.824112807334993
1,5,2,3.824112807334993
2,4,2,10.530907218022204
3,5,2,10.530907218022204
4,3,2,3.96885957437119
5,4,2,3.787713047532996
6,3,3,3.931677056824196
1,0,3,2
5,6,4
