index,hight,width,estimate
0,5,2,402.7072658230014
1,5,2,55278000.071083575
2,4,2,55278000.00051063
3,4,2,302.7070204155712
4,3,2,202.77727704425718
5,3,3,202.70675518248
5,4
