index,hight,width,estimate
0,3,1,157.1491358087463
1,2,1,157.14913943111566
0
1
