index,hight,width,estimate,root_children
0,5,3,5.5340232221128655e+19,2
1,6,3,5.5340232221128655e+19,2
2,6,3,5.5340232221128655e+19,3
3,7,3,5.5340232221128655e+19,2
4,4,4,4.611686018427388e+19,3
5,6,4,5.5340232221128655e+19,2
6,5,4,4.611686018427388e+19,2
7,5,4,4.611686018427388e+19,2
8,5,4,4.611686018427388e+19,2
9,5,4,4.611686018427388e+19,2
0,5,3,5.5340232221128655e+19,2
