index,hight,width,estimate
0,5,2,44836.359270025845
1,5,2,51379.092200381754
2,4,2,44836.359270025845
3,4,2,51379.092200381754
4,4,2,55780.57563716386
5,3,2,49032.097124990185
6,4,2,49079.1903947716
7,4,2,51239.43369366296
8,3,2,55780.5786925775
9,3,2,55780.5786925775
10,4,2,51285.41297129732
11,3,3,55780.5786925775
12,3,3,53566.895997652886
0,2,1,3
5,6,7,10
