index,hight,width,estimate
0,5,2,66.47221688947431
1,5,2,66.72819666126111
2,4,2,132.6883487480845
3,3,2,3.629319586126396
4,4,2,66.47221688947431
5,3,3,3.799341846495196
0,1,2
3,5,4
