index,hight,width,estimate
0,5,2,55777.644207007375
1,5,2,55777.644207007375
2,5,2,41305.982704320464
3,6,2,55777.644207007375
4,6,2,55777.644207007375
5,5,2,55780.54844228532
6,5,2,55780.54844228532
7,5,2,55780.50847544592
8,4,2,55779.09631914098
9,3,2,55780.52845886457
10,4,3,55777.644207007375
11,3,3,55780.54844228532
2,3,4,0
8,9,11
