index,hight,width,estimate
0,5,2,55682.33693337571
1,6,2,55656.14522341847
2,6,2,55656.14396456952
3,5,2,55684.64529642592
4,4,2,55684.64529642592
5,5,2,55656.14396456952
6,5,3,55682.393786608605
7,4,3,55751.9560969608
8,6,3,55725.75485696076
9,4,3,55656.17192441423
10,4,3,55754.2652999393
11,5,3,55656.17192441423
12,4,3,55656.17192441423
13,5,3,55725.753597577444
14,4,4,55752.01409320044
15,4,4,55725.78044550461
16,4,4,55725.78044550461
1,9,0,6
2,5,11,12
