index,hight,width,estimate
0,4,2,14444600.000052996
1,4,2,2889001.500000399
2,5,2,505662501.5000007
3,5,2,1272822800.000053
4,4,2,353.10301268261327
5,4,2,1444650.0001120141
6,3,2,1444650.000039552
4,6
