index,hight,width,estimate
0,6,2,-200.4759395460429
1,5,2,10.93393650928754
2,6,2,26.216945479456
3,4,2,8.432521022692281
0,2
3,1
