index,hight,width,estimate
0,4,2,2.228448152944024
1,3,3,3.9677701360476516
2,3,3,2.2290024845086625
3,3,4,3.96832446761229
0,2,1,3

