index,hight,width,estimate,root_children
0,5,3,3.6893488147419103e+19,1
1,5,3,3.6893488147419103e+19,1
2,5,3,3.6893488147419103e+19,1
3,6,3,3.6893488147419103e+19,1
4,6,3,3.6893488147419103e+19,1
5,6,3,3.6893488147419103e+19,1
6,6,3,3.6893488147419103e+19,1
7,5,3,3.6893488147419103e+19,1
8,6,3,3.6893488147419103e+19,1
9,5,3,3.6893488147419103e+19,1
0,5,3,3.6893488147419103e+19,1
