index,hight,width,estimate
0,6,2,115.65034691129937
1,5,2,158.26045058678517
2,4,3,134.65442240366076
3,4,3,49.43421505268916
4,5,3,92.04431872817496
5,6,3,68.43829054505056
6,4,3,92.04431872817496
7,3,3,28.050187667389157
8,4,3,92.04431872817496
9,3,3,28.050187667389157
10,4,4,25.828186869564757
11,4,4,68.43829054505056
12,3,4,25.828186869564757
13,3,4,25.828186869564757
14,4,4,68.43829054505056
15,3,4,1.0176151484071938
16,3,5,2.493472383337594
10,3,5,11
15,16,12,13
