index,hight,width,estimate
0,5,2,158.26045058678517
1,6,2,115.65034691129937
2,4,3,49.43421505268916
3,6,3,68.43829054505056
4,4,3,134.65442240366076
5,5,3,25.828186869564757
6,3,3,28.050187667389157
7,4,3,92.04431872817496
8,4,3,92.04431872817496
9,3,3,28.050187667389157
10,4,4,2.493472383337594
11,4,4,25.828186869564757
12,3,4,25.828186869564757
13,4,4,68.43829054505056
14,3,4,1.0176151484071938
15,3,4,25.828186869564757
16,3,5,2.493472383337594
10,5,11,2
14,16,12,15
