index,hight,width,estimate
0,4,2,55684.39061743512
1,5,2,55684.39061743512
2,5,2,51098.63609150615
3,4,2,51098.63609150615
4,3,2,55606.86642185609
5,4,2,55780.57821126736
6,4,2,55732.48268921621
2,3,1,0
4,6,5
