index,hight,width,estimate
0,5,2,41794192.9861332
1,5,2,35178638.88888889
2,4,2,40107484.541688755
3,4,2,33491930.444444444
4,4,2,61661163.194488615
5,3,2,39865224.09724431
6,4,2,47925228.194488615
