index,hight,width,estimate,root_children
0,4,2,2.7670116110564327e+19,2
1,5,2,3.6893488147419103e+19,2
2,4,2,3.6893488147419103e+19,2
3,5,2,2.7670116110564327e+19,2
4,4,2,1.8446744073709552e+19,1
5,3,2,1.8446744073709552e+19,2
6,4,2,1.8446744073709552e+19,1
0,4,2,2.7670116110564327e+19,2
