index,hight,width,estimate
0,3,2,2.847513400176946
1,3,2,3.0517712822930125
0,1

