index,hight,width,estimate,root_children
0,7,3,6.456360425798343e+19,2
1,6,3,5.5340232221128655e+19,2
2,7,3,7.378697629483821e+19,1
3,6,3,5.5340232221128655e+19,3
4,4,3,5.5340232221128655e+19,3
5,6,3,5.5340232221128655e+19,3
6,5,4,5.5340232221128655e+19,2
7,5,4,5.5340232221128655e+19,2
8,5,4,4.611686018427388e+19,2
9,4,6,4.611686018427388e+19,2
0,7,3,6.456360425798343e+19,2
