index,hight,width,estimate,root_children
0,7,3,7.378697629483821e+19,2
1,6,3,7.378697629483821e+19,2
2,6,3,7.378697629483821e+19,3
3,7,3,7.378697629483821e+19,2
4,5,3,7.378697629483821e+19,3
5,6,3,7.378697629483821e+19,2
6,7,4,7.378697629483821e+19,2
7,5,4,7.378697629483821e+19,3
8,7,4,7.378697629483821e+19,2
9,5,6,7.378697629483821e+19,2
0,7,3,7.378697629483821e+19,2
