index,hight,width,estimate
0,5,1,12155.825963852665
1,4,2,9000.476920206565
2,4,2,9000.4975636056
3,3,2,231700.0206435411
4,3,2,231700.02064354104
5,2,3,3000.0206435410846
5,1
