index,hight,width,estimate
0,6,2,33320245702.4619
1,5,2,95024012.84148067
2,4,2,6982081.708595021
3,4,2,6982081.708595021
4,5,2,2092515.786853267
5,5,2,2092515.786853267
6,4,3,48402736770.55266
7,4,3,4889709.445045704
8,6,3,33320245702.4387
9,5,3,95024009.4450457
10,4,3,6981742.260059457
11,4,3,6981742.260059457
12,3,3,4890981.708595021
13,4,3,1415.7868532673629
14,4,4,4889709.4218458785
15,4,4,4889709.421845871
16,4,4,4890642.260059457
13,4
