index,hight,width,estimate
0,5,2,47537.5440562821
1,5,2,47530.09686035838
2,4,2,39672.55402125519
3,4,2,47537.5440562821
4,3,2,55765.0019712026
5,3,3,55772.79170115375
2,1,0
3,4,5
