index,hight,width,estimate
0,6,2,49791.93820491531
1,4,2,53189.3892126258
2,5,2,49791.93820491531
3,4,3,51059.3990522825
4,4,3,54480.52909612629
5,4,3,51059.3990522825
6,4,3,51059.389310001716
7,4,3,54480.51917247339
8,3,3,55780.54429685317
9,3,4,55780.53430514282
0,3,1,4
2,6,5,7
