index,hight,width,estimate
0,3,1,2.852681041360666
1,2,1,2.852681041360666
0
1
