index,hight,width,estimate
0,4,2,51525.504131830174
1,5,2,53441.41676106157
2,5,2,55287.714922745356
3,3,2,51525.504131830174
4,4,2,53441.41676106157
5,4,2,55287.714922745356
0,1,2
3,4,5
