index,hight,width,estimate
0,4,2,23.761898692958688
1,5,2,67.74278176389188
2,5,2,67.74278176389188
3,3,2,3.2238252764539013
4,4,2,37.5963378576937
5,3,3,81.5772209286269
3,0,4,2
