index,hight,width,estimate
0,5,2,66.21623711768751
1,5,2,66.21623711768751
2,4,2,132.4323689762977
3,3,2,3.969364106863996
4,4,2,66.21623711768751
5,3,3,3.969364106863996
0,1,2
3,5,4
