index,hight,width,estimate
0,5,2,55780.58174799119
1,4,2,39679.65900003778
2,5,2,47544.99156909211
3,3,2,55780.58174799119
4,4,2,47544.99156909211
5,3,3,55780.58174799119
1,2,0
4,3,5
