index,hight,width,estimate
0,5,2,20.06000287363525
1,5,2,-535290.6693415999
2,4,2,4.46131150156882
3,5,3,31.561136534241747
4,5,3,26.533296905286953
5,3,3,12.171541470940223
6,4,3,31.118718977725493
7,3,4,26.81718657631678
1,0,4,3
2,5,7,6
