index,hight,width,estimate
0,5,2,-268.4399470494201
1,5,2,29.40623006021655
2,4,2,4.46131150156882
3,5,3,25.742324027576245
4,5,3,28.17924639044967
5,4,3,29.319066528035655
6,3,3,8.107841657417538
7,3,4,4.46131150156882
0,3,4,1
2,7,6,5
