index,hight,width,estimate
0,4,2,88.86909847651657
1,6,2,39.221904823907074
2,5,2,39.221904823907074
3,4,3,95.68225262091457
4,4,3,46.03505896830507
5,4,3,46.03505896830507
6,4,3,46.03500678222148
7,3,3,72.15814641892044
8,4,3,62.18449499041728
9,3,4,72.15809423283685
1,2,6,4
