index,hight,width,estimate
0,6,2,26.216945479456
1,4,2,8.432521022692281
2,6,2,-200.4759395460429
3,5,2,10.93393650928754
2,0
1,3
