index,hight,width,estimate
0,5,2,53.03500486990751
1,5,2,224.00417569669563
2,5,3,48.058929911907505
3,5,3,42.00503642470526
3,2,0,1

