index,hight,width,estimate,root_children
0,5,1,2.7670116110564327e+19,1
1,4,2,1.8446744073709552e+19,1
2,4,2,1.8446744073709552e+19,1
0,5,1,2.7670116110564327e+19,1
