index,hight,width,estimate
0,5,2,3.0000228340578694
1,5,2,3.0101010125863725
2,5,2,1202.0000000024863
3,5,2,1202.0000000024863
4,6,2,1203.0000228340577
5,6,2,4.010123844157857
6,5,2,3.0000228340578694
7,5,2,3.0101010125863725
8,4,2,300.22831326133434
9,3,2,200.00002486372574
10,4,3,3.0000228340578694
11,3,3,200.00000275905126
0,6
