index,hight,width,estimate
0,5,2,4802.000000002487
1,5,2,4802.000000002487
2,5,2,828871802.0
3,5,2,828871802.0
4,5,2,3.0050251281144975
5,6,2,414440702.0
6,5,2,3.0050251281144975
7,6,2,414435903.0050251
8,4,2,1800.004643839493
9,3,2,1000.0014257353716
10,4,3,828871802.0
11,3,3,1000.0000110362053
4,6
