index,hight,width,estimate
0,5,2,72.36022305819832
1,6,2,72.36022305819832
2,5,2,3.969346711502796
3,5,2,3.9693119207803957
4,6,2,72.36022305819832
5,5,2,72.36022305819832
6,5,2,3.969346711502796
7,5,2,3.9693119207803957
8,4,2,36.18020344344011
9,3,2,3.969346711502796
10,4,3,72.36022305819832
11,3,3,3.9693119207803957
3,7,6,2
11,9,8
