index,hight,width,estimate
0,5,2,48910.702527348905
1,5,2,53409.88840917515
2,4,2,48910.702527348905
3,4,2,53409.88840917515
4,4,2,53409.88840917515
5,3,2,55780.5786925775
6,4,2,51285.41297129732
7,3,2,55780.5786925775
8,3,3,55780.5786925775
9,3,3,53566.895997652886
0,2,1,3
6,4,9,5
