index,hight,width,estimate
0,3,1,35855.917866584045
1,3,1,41415.68268364061
2,3,1,41415.68268364061
3,2,2,48783.76340165858
0,1,3
2
