index,hight,width,estimate
0,3,1,165.8047974820103
1,3,1,117.54562151119232
2,3,1,117.54562151119232
3,2,2,56.062963152123665
3,1,0
2
