index,hight,width,estimate
0,4,2,402.0006234768515
1,6,2,117500202.46450867
2,5,2,1046.393401274634
3,4,3,420802141.43172
4,4,3,402.4644984671261
5,4,3,646.3893161195773
6,4,3,646.3893161205174
7,4,3,300.00048175204125
8,3,3,200.0001079921288
9,3,4,200.00010799208025
9,8
