index,hight,width,estimate,root_children
0,8,2,5.5340232221128655e+19,1
1,6,3,4.611686018427388e+19,2
2,6,3,5.5340232221128655e+19,1
3,6,3,4.611686018427388e+19,2
4,7,3,5.5340232221128655e+19,1
5,6,3,5.5340232221128655e+19,1
6,6,3,5.5340232221128655e+19,1
7,6,3,4.611686018427388e+19,2
8,6,4,4.611686018427388e+19,2
9,5,5,4.611686018427388e+19,2
1,6,3,4.611686018427388e+19,2
