index,hight,width,estimate
0,3,2,31.334339003940414
1,3,2,31.33435682787011
0,1

