index,hight,width,estimate,root_children
0,6,2,4.611686018427388e+19,2
1,5,3,4.611686018427388e+19,2
2,6,3,5.5340232221128655e+19,1
3,5,3,3.6893488147419103e+19,2
4,7,3,5.5340232221128655e+19,1
5,6,3,5.5340232221128655e+19,1
6,5,3,4.611686018427388e+19,2
7,6,3,4.611686018427388e+19,2
8,5,4,4.611686018427388e+19,2
9,5,4,3.6893488147419103e+19,2
0,6,2,4.611686018427388e+19,2
