index,hight,width,estimate
0,3,1,3.965039376377017
1,2,1,3.965039376377017
0
1
