index,hight,width,estimate
0,7,2,19.50759717419821
1,7,2,29.75179035646989
2,5,3,25.877732957114524
0,2,1

