index,hight,width,estimate
0,5,2,47513.87268598717
1,4,2,39649.97146690466
2,5,2,47482.75933622628
3,4,2,47513.87268598717
4,3,2,55715.4868151817
5,3,3,55748.03151491442
1,2,0
3,4,5
