index,hight,width,estimate,root_children
0,7,2,5.5340232221128655e+19,1
1,8,3,5.5340232221128655e+19,1
2,6,3,4.611686018427388e+19,2
3,8,3,5.5340232221128655e+19,1
4,7,3,4.611686018427388e+19,2
5,6,3,4.611686018427388e+19,2
6,7,3,5.5340232221128655e+19,1
7,7,3,5.5340232221128655e+19,1
8,5,4,4.611686018427388e+19,2
9,6,5,5.5340232221128655e+19,1
0,7,2,5.5340232221128655e+19,1
