index,hight,width,estimate
0,5,1,3200.4634569080695
1,5,2,8288720.000000003
2,6,2,4.001252290817979
3,6,2,4144362.0050251274
4,5,2,3.0012515669419426
5,5,2,3.0050251281144975
6,5,2,3.0012515669419426
7,5,2,3.0050251281144975
8,5,2,3.00000072636241
9,4,2,2400.000176579314
10,4,2,2400.0015912784806
11,4,3,3.00000072636241
8,11
