index,hight,width,estimate,root_children
0,7,3,7.378697629483821e+19,2
1,9,3,7.378697629483821e+19,2
2,7,3,7.378697629483821e+19,2
3,5,3,7.378697629483821e+19,3
4,5,3,7.378697629483821e+19,3
5,5,3,7.378697629483821e+19,3
6,6,4,7.378697629483821e+19,2
7,7,4,7.378697629483821e+19,2
8,6,4,7.378697629483821e+19,2
9,5,6,7.378697629483821e+19,2
0,7,3,7.378697629483821e+19,2
