index,hight,width,estimate
0,7,2,137.75141004119732
1,7,2,146.06436571055693
0,1

