index,hight,width,estimate
0,5,2,46799.608507835845
1,6,2,46799.608507835845
2,5,2,55780.57841742034
3,5,2,55780.57175627882
4,6,2,46799.608507835845
5,5,2,41306.02259528453
6,5,2,46799.608507835845
7,5,2,55780.57841742034
8,3,2,55780.57841742034
9,4,2,51234.82083010362
10,4,3,46799.608507835845
11,3,3,55780.57175627882
5,1,4,6
9,11,8
