index,hight,width,estimate
0,5,2,1.39183082299389
1,4,2,33.840017261739796
2,5,2,18.507803095204018
3,3,2,33.840017261739796
4,4,2,18.507803095204018
5,4,2,1.39183082299389
0,2,1
5,4,3
