index,hight,width,estimate
0,3,1,21.602835946955032
1,3,1,-74.15594811004408
2,3,1,21.602835946955032
3,2,2,30.024659227029794
1,0,3
2
