index,hight,width,estimate
0,5,2,1.7120064362157108
1,6,2,1.7672957434890448
2,5,2,3.1730526606224116
3,5,2,3.1730526606224116
4,4,2,1.7120064362157108
5,4,2,1.7120064362157108
6,6,3,2.131032746181045
7,5,3,2.754888125464665
8,4,3,2.0757434389077107
9,4,3,2.617853397327655
10,4,3,2.7548881769388185
11,4,3,2.754888125464665
12,4,3,3.5367896633144116
13,3,3,2.0757434389077107
14,4,4,2.9815844726230654
15,4,4,3.118619252234229
16,4,4,3.118619252234229
0,1,8,6
5,4,13,11
