index,hight,width,estimate
0,5,2,36712.10570737111
1,6,2,41638.04451627441
2,6,3,44433.016526042775
3,4,3,39422.13778857348
4,4,3,49597.21623450767
5,5,3,52524.18495455918
6,4,3,44433.016526042775
7,4,3,44433.016526042775
8,3,3,52246.667456308875
9,3,3,52246.667456308875
10,4,4,52524.18495455918
11,4,4,55498.21045632783
12,3,4,55216.26357225677
13,4,4,47275.04531752828
14,3,4,52524.18495455918
15,3,4,52524.18495455918
16,3,5,55498.21045632783
0,3,1,2
6,7,13,9
