index,hight,width,estimate
0,4,2,53939.25134521241
1,5,2,53943.87217847388
2,5,2,55779.44230701237
3,4,2,55775.282688475745
4,3,2,55779.82551533093
5,3,3,55779.45249322901
0,1,2
3,5,4
