index,hight,width,estimate
0,4,2,54446.05992484544
1,4,2,55752.77349398679
2,5,2,54446.05992484544
3,5,2,55752.77349398679
4,4,2,55745.80541968296
5,3,2,55780.48514862865
6,3,3,55773.36620212156
2,0,3,1
4,6,5
