index,hight,width,estimate
0,5,2,78336201.2500778
1,4,2,4164000.0001204093
2,4,2,835201.2500766272
3,5,2,2499601.000120435
4,4,2,208250.0002779161
5,3,2,200.20471661850462
6,3,3,208150.00002210468
5,6
