index,hight,width,estimate
0,5,2,72.29022907841389
1,4,2,65.44090131390949
2,4,2,78.0811461741595
3,5,2,71.23181840965509
4,4,2,9.8300073964607
5,3,2,9.741227524371977
6,3,3,9.974247720990917
5,4,1,3
