index,hight,width,estimate
0,5,2,15390003.797829963
1,5,2,2402849.449583714
2,4,2,17792400.000197448
3,4,2,2402749.4494849895
4,4,2,15389903.79773124
5,3,2,17792300.000098724
3,1
