index,hight,width,estimate
0,5,1,37.016183925078145
1,4,2,35.19941895791235
2,4,2,45.808574858954294
3,3,2,18.509356221738685
4,3,2,18.509270700757344
5,2,3,3.9677543647774334
1,0,2
5,4,3
