index,hight,width,estimate,root_children
0,5,3,7.378697629483821e+19,2
1,7,3,7.378697629483821e+19,2
2,6,3,7.378697629483821e+19,2
3,6,3,7.378697629483821e+19,3
4,5,3,7.378697629483821e+19,2
5,5,3,7.378697629483821e+19,2
6,6,4,7.378697629483821e+19,2
7,5,4,7.378697629483821e+19,3
8,6,4,7.378697629483821e+19,2
9,5,6,7.378697629483821e+19,2
3,6,3,7.378697629483821e+19,3
