index,hight,width,estimate
0,4,2,47449.39483140214
1,6,2,47354.016087137396
2,6,2,47449.39483140214
3,4,2,55680.58708586235
4,4,3,55481.04459492887
5,4,3,55680.530495736835
6,4,3,55780.351531308675
7,3,3,55780.408150953706
8,3,3,55780.46477061547
1,2,0,4
3,7,8
