index,hight,width,estimate
0,4,1,3.8614083739120195
1,4,1,157.15438202614655
2,3,2,3.8614083739120195
0,2,1

