index,hight,width,estimate
0,4,1,157.15438202614655
1,4,1,3.8614083739120195
2,3,2,3.8614083739120195
1,2,0

