index,hight,width,estimate
0,5,2,400.0001174311737
1,4,2,977800.0000791042
2,5,2,977800.0001012089
3,4,2,1958879.2260432604
4,3,2,981262.1656336939
5,3,3,977600.0000221047
0,5
