index,hight,width,estimate,root_children
0,7,2,4.611686018427388e+19,2
1,5,2,4.611686018427388e+19,2
2,5,3,4.611686018427388e+19,2
3,5,3,4.611686018427388e+19,2
4,6,3,4.611686018427388e+19,2
5,5,3,4.611686018427388e+19,2
6,4,3,4.611686018427388e+19,2
7,4,3,4.611686018427388e+19,2
8,6,3,4.611686018427388e+19,2
9,7,3,4.611686018427388e+19,2
0,7,2,4.611686018427388e+19,2
