index,hight,width,estimate,root_children
0,7,2,6.456360425798343e+19,2
1,6,2,6.456360425798343e+19,2
2,7,2,6.456360425798343e+19,2
3,7,2,6.456360425798343e+19,2
4,6,3,6.456360425798343e+19,2
5,5,3,6.456360425798343e+19,3
6,6,3,6.456360425798343e+19,2
7,6,3,6.456360425798343e+19,3
8,6,3,6.456360425798343e+19,2
9,5,4,6.456360425798343e+19,2
0,7,2,6.456360425798343e+19,2
