index,hight,width,estimate
0,3,2,44481.56432937635
1,4,3,45971.64984584961
2,3,3,-4559.4270669587795
3,3,4,-3261.426094602051
2,3,0,1

