index,hight,width,estimate
0,6,2,3.4400749197168308e+25
1,4,2,480480.91594515374
2,5,2,1785.558513186505
3,4,3,402.4644984671261
4,4,3,1879141582.1380816
5,3,3,2156.684372242596
6,4,3,287089400.0126657
7,4,3,1385.5575983926883
8,4,3,1385.5575983936285
9,3,4,287088200.0006132
3,7
