index,hight,width,estimate,root_children
0,5,2,7.378697629483821e+19,2
1,5,3,7.378697629483821e+19,3
2,5,3,7.378697629483821e+19,3
3,6,3,7.378697629483821e+19,2
4,7,3,7.378697629483821e+19,2
5,5,3,7.378697629483821e+19,3
6,4,3,7.378697629483821e+19,3
7,7,3,7.378697629483821e+19,2
8,5,4,7.378697629483821e+19,2
9,5,5,7.378697629483821e+19,2
0,5,2,7.378697629483821e+19,2
