index,hight,width,estimate
0,5,2,3.9693119207803957
1,5,2,36.180177253571905
2,5,2,3.9693119207803957
3,5,2,72.36022305819832
4,5,2,118.48123570510332
5,6,2,72.36022305819832
6,5,2,72.36022305819832
7,6,2,72.36022305819832
8,3,2,3.969329316141596
9,4,2,36.18020344344011
10,4,3,72.36022305819832
11,3,3,3.9693119207803957
0,2,1,5
11,8,9
