index,hight,width,estimate
0,6,2,26.82069592409135
1,4,2,27.03189663173245
2,5,2,26.82069592409135
3,4,3,3.775168162996769
4,4,3,3.969213417182769
5,4,3,3.775168162996769
6,4,3,3.775115976913169
7,3,3,3.969213417182769
8,4,3,3.6348360577071395
9,3,4,3.9690879231651395
3,4,0,1
8,6,5,9
