index,hight,width,estimate
0,5,2,55682.94764879303
1,4,2,39649.97146690466
2,5,2,55748.03151491442
3,3,2,55715.4868151817
4,4,2,47513.87268598717
5,3,3,55748.03151491442
1,0,2
4,3,5
