index,hight,width,estimate
0,5,2,67.5503864138569
1,5,2,67.7204086742257
2,4,2,23.7395256032925
3,4,2,37.573964768027494
4,3,2,42.113526771711065
5,3,3,81.55484783896068
2,3,4,0
