index,hight,width,estimate,root_children
0,6,2,4.611686018427388e+19,2
1,4,3,3.6893488147419103e+19,3
2,5,3,4.611686018427388e+19,2
3,6,3,4.611686018427388e+19,2
4,5,3,4.611686018427388e+19,3
5,5,3,4.611686018427388e+19,2
6,5,3,4.611686018427388e+19,1
7,5,3,3.6893488147419103e+19,2
8,6,4,5.5340232221128655e+19,1
9,4,4,3.6893488147419103e+19,2
6,5,3,4.611686018427388e+19,1
