index,hight,width,estimate,root_children
0,6,2,3.6893488147419103e+19,2
1,5,2,4.611686018427388e+19,2
2,5,2,3.6893488147419103e+19,2
3,5,2,4.611686018427388e+19,2
4,4,2,4.611686018427388e+19,2
5,5,2,4.611686018427388e+19,2
6,5,2,4.611686018427388e+19,2
7,6,2,4.611686018427388e+19,2
8,5,2,4.611686018427388e+19,2
9,5,2,4.611686018427388e+19,2
0,6,2,3.6893488147419103e+19,2
