index,hight,width,estimate
0,3,1,-52.3317766142675
1,2,1,-52.331775048844854
0
1
