index,hight,width,estimate
0,4,2,52373.795486401774
1,6,2,52400.17369604555
2,5,2,52400.17369604555
3,4,3,55780.552023762335
4,4,3,55743.40311536989
5,4,3,55743.40311536989
6,4,3,55743.39312559749
7,4,3,55716.5417881261
8,3,3,55780.552023762335
9,3,4,55780.527996286175
0,1,4,3
2,7,6,5
