index,hight,width,estimate,root_children
0,6,2,3.6893488147419103e+19,2
1,6,2,4.611686018427388e+19,1
2,4,2,3.6893488147419103e+19,2
3,4,3,2.7670116110564327e+19,2
4,4,3,3.6893488147419103e+19,1
5,4,3,2.7670116110564327e+19,2
0,6,2,3.6893488147419103e+19,2
