index,hight,width,estimate
0,4,2,39422.14448485518
1,5,2,55498.21791946507
2,5,2,54934.7410571782
3,4,2,47275.052397237756
4,3,2,55216.271022527406
5,3,3,55498.21791946507
0,2,1
3,4,5
