index,hight,width,estimate
0,3,1,54437.275205920625
1,3,1,54437.280342440376
2,2,2,54603.64303700766
0,1,2

