index,hight,width,estimate
0,5,2,66.33875332112711
1,4,2,132.4936270780175
2,5,2,66.27749521940731
3,3,2,3.8879886071703957
4,4,2,66.27749521940731
5,3,3,3.928676357017196
2,0,1
3,5,4
