index,hight,width,estimate
0,5,2,26.9119104945429
1,4,2,23.756544625357996
2,5,2,35.3169869098175
3,4,2,37.59098379009299
4,3,2,42.13281191741796
5,3,3,81.5718668610262
1,0,3,4
