index,hight,width,estimate,root_children
0,5,3,4.611686018427388e+19,2
1,8,3,6.456360425798343e+19,2
2,5,3,5.5340232221128655e+19,2
3,5,3,6.456360425798343e+19,3
4,5,3,5.5340232221128655e+19,1
5,5,3,4.611686018427388e+19,2
6,7,4,4.611686018427388e+19,2
7,5,4,4.611686018427388e+19,2
8,5,4,5.5340232221128655e+19,2
9,4,6,4.611686018427388e+19,2
3,5,3,6.456360425798343e+19,3
