index,hight,width,estimate
0,5,2,3.824112807334993
1,4,2,3.824112807334993
2,4,2,10.530907218022204
3,5,2,10.530907218022204
4,4,2,3.787713047532996
5,3,2,3.96885957437119
6,3,3,3.931677056824196
0,1,3,2
4,6,5
