index,hight,width,estimate
0,6,2,2022649701.0000007
1,6,2,505662502.0005566
2,4,2,1516987301.0000007
3,4,2,3701.092945080828
4,4,3,102.00055619773588
5,4,3,102.00000033732199
6,4,3,1516987301.0000005
7,3,3,1901.0807782450997
8,3,3,1901.0801301154802
5,4
