index,hight,width,estimate,root_children
0,6,2,5.5340232221128655e+19,1
1,6,2,3.6893488147419103e+19,2
2,6,2,4.611686018427388e+19,2
3,5,3,3.6893488147419103e+19,2
4,5,3,4.611686018427388e+19,1
5,7,3,5.5340232221128655e+19,1
6,6,3,4.611686018427388e+19,2
7,4,3,3.6893488147419103e+19,3
8,4,3,4.611686018427388e+19,2
9,4,3,4.611686018427388e+19,3
7,4,3,3.6893488147419103e+19,3
