index,hight,width,estimate
0,6,2,303876402.6806222
1,4,2,1341520300.617177
2,5,2,1068.0113827540504
3,4,3,12408869126.947956
4,4,3,402.6806182780229
5,4,3,489.4488795820828
6,3,3,268.00919640792335
7,4,3,668.0098031570772
8,4,3,668.0098031561371
9,3,4,389.4487137242708
6,9
