index,hight,width,estimate
0,4,2,27.03189663173245
1,6,2,26.82069592409135
2,5,2,26.82069592409135
3,4,3,3.969213417182769
4,4,3,3.775168162996769
5,4,3,3.775115976913169
6,4,3,3.775168162996769
7,3,3,3.969213417182769
8,4,3,3.6348360577071395
9,3,4,3.9690879231651395
4,3,1,0
8,5,6,9
