index,hight,width,estimate
0,6,2,40.69246883765927
1,4,2,72.95172194850065
2,5,2,40.69246883765927
3,4,3,58.31256070900207
4,4,3,90.28152168585567
5,4,3,66.45891785250075
6,3,3,66.16867790459656
7,4,3,58.31256070900207
8,4,3,58.31250852291847
9,3,4,67.02041506213735
0,2,8,3
