index,hight,width,estimate,root_children
0,7,2,8.301034833169298e+19,2
1,6,2,8.301034833169298e+19,2
2,6,3,8.301034833169298e+19,2
3,5,3,8.301034833169298e+19,3
4,7,3,7.378697629483821e+19,2
5,6,3,7.378697629483821e+19,2
6,5,3,7.378697629483821e+19,3
7,6,3,7.378697629483821e+19,2
8,5,3,7.378697629483821e+19,3
9,6,4,7.378697629483821e+19,4
9,6,4,7.378697629483821e+19,4
