index,hight,width,estimate
0,5,1,13485.009783487916
1,4,2,9000.265586808287
2,4,2,9000.295318289871
3,3,2,15392700.029731777
4,3,2,15392700.029731777
5,2,3,3000.0297317762365
5,1
