index,hight,width,estimate
0,5,2,55721.25380114564
1,5,2,54392.1837401619
2,4,2,55721.25380114564
3,4,2,54392.1837401619
4,3,2,55780.57872891514
5,4,2,55719.80514578875
6,3,3,55750.91865080038
1,3,0,2
5,6,4
