index,hight,width,estimate
0,5,2,55780.54844228532
1,5,2,55777.644207007375
2,5,2,55780.54844228532
3,5,2,55780.50847544592
4,6,2,55777.644207007375
5,5,2,41305.982704320464
6,6,2,55777.644207007375
7,5,2,55777.644207007375
8,3,2,55780.52845886457
9,4,2,55779.09631914098
10,4,3,55777.644207007375
11,3,3,55780.54844228532
5,4,6,1
9,8,11
