index,hight,width,estimate
0,5,2,41306.025663820634
1,6,2,55777.66752064732
2,5,2,55777.66752064732
3,5,2,55777.66752064732
4,5,2,55780.57175627882
5,5,2,55780.57175627882
6,6,2,55777.66752064732
7,5,2,55780.57841742034
8,4,2,55779.11963295771
9,3,2,55780.57508684955
10,4,3,55777.66752064732
11,3,3,55780.57175627882
0,6,1,2
8,11,9
