index,hight,width,estimate
0,3,1,3.4523907287106876
1,2,1,3.4523907287106876
0
1
