index,hight,width,estimate
0,4,1,2.9744424396324143
1,4,1,-52.34440765226507
2,3,2,2.9744424396324143
1,0,2

