index,hight,width,estimate,root_children
0,7,2,7.378697629483821e+19,2
1,8,2,7.378697629483821e+19,2
2,6,3,7.378697629483821e+19,2
3,7,3,7.378697629483821e+19,2
4,6,3,7.378697629483821e+19,3
5,5,3,8.301034833169298e+19,3
6,6,3,7.378697629483821e+19,2
7,5,3,7.378697629483821e+19,3
8,8,3,7.378697629483821e+19,2
9,5,4,7.378697629483821e+19,3
0,7,2,7.378697629483821e+19,2
