index,hight,width,estimate
0,4,2,955155500.2000172
1,5,2,752991900.2000172
2,5,2,241912501.00000218
3,4,2,3001.0000021906517
4,4,2,16127500.000122529
5,3,2,275.6465268829315
6,3,3,16127400.000022104
5,3
