index,hight,width,estimate,root_children
0,5,2,5.5340232221128655e+19,2
1,5,2,5.5340232221128655e+19,2
2,7,2,5.5340232221128655e+19,2
3,6,2,5.5340232221128655e+19,2
4,5,3,5.5340232221128655e+19,2
5,5,3,5.5340232221128655e+19,3
6,5,3,5.5340232221128655e+19,2
7,4,3,5.5340232221128655e+19,3
8,6,3,5.5340232221128655e+19,2
9,6,3,5.5340232221128655e+19,2
0,5,2,5.5340232221128655e+19,2
