index,hight,width,estimate
0,4,1,-52.34440765226507
1,4,1,2.9744424396324143
2,3,2,2.9744424396324143
0,1

