index,hight,width,estimate
0,4,2,51379.092200381754
1,5,2,44836.359270025845
2,5,2,51379.092200381754
3,4,2,44836.359270025845
4,4,2,55780.57563716386
5,3,2,49032.097124990185
6,4,2,49079.1903947716
7,3,2,55780.5786925775
8,4,2,51285.41297129732
9,4,2,51239.43369366296
10,3,2,55780.5786925775
11,3,3,53566.895997652886
12,3,3,55780.5786925775
1,3,2,0
5,6,9,8
