index,hight,width,estimate
0,3,1,7.34994640989001
1,2,1,7.349946207058877
0
1
