index,hight,width,estimate
0,5,2,55772.79170115375
1,4,2,39672.55402125519
2,5,2,55757.21255813774
3,4,2,47537.5440562821
4,3,2,55765.0019712026
5,3,3,55772.79170115375
1,2,0
3,4,5
