index,hight,width,estimate
0,4,1,-5026611488.945501
1,4,1,-23103377817.418324
2,3,2,-2322159021.374567
3,3,2,-1272.7889669293068
4,3,2,-1272.7889669293068
1,0
4
