index,hight,width,estimate
0,4,2,6.194944486965543
1,5,2,1.2922698776479615
2,5,2,3.5435945805681417
3,4,2,1.2922698776479615
4,3,2,6.194944486965543
5,4,2,3.5435945805681417
1,2,0
3,5,4
