index,hight,width,estimate
0,6,2,50043.75253796671
1,4,2,36674.71900433325
2,5,2,50043.75253796671
3,4,3,55780.3879812199
4,4,3,55780.38920351022
5,4,3,55780.3879812199
6,4,3,55780.414625761376
7,3,3,55780.41584805212
8,4,3,41975.12501256597
9,3,4,46457.56303849693
1,0,3,4
8,9,2,5
