index,hight,width,estimate
0,5,2,1202.0000000024863
1,6,2,4.010101019825127
2,5,2,3.0000000097251274
3,6,2,1203.0000000097252
4,5,2,3.0101010125863725
5,5,2,3.0000000097251274
6,5,2,1202.0000000024863
7,5,2,3.0101010125863725
8,4,2,300.0000751466026
9,3,2,200.00002486372574
10,4,3,3.0000000097251274
11,3,3,200.00000275905126
2,5
