index,hight,width,estimate,root_children
0,5,2,3.6893488147419103e+19,2
1,6,2,3.6893488147419103e+19,2
2,5,2,3.6893488147419103e+19,2
3,6,2,3.6893488147419103e+19,2
4,5,2,3.6893488147419103e+19,2
5,5,2,3.6893488147419103e+19,2
6,5,2,3.6893488147419103e+19,2
7,5,2,3.6893488147419103e+19,2
8,3,2,9.223372036854776e+18,2
9,4,2,1.8446744073709552e+19,2
10,4,3,3.6893488147419103e+19,3
11,3,3,9.223372036854776e+18,3
0,5,2,3.6893488147419103e+19,2
