index,hight,width,estimate
0,5,2,3.0050251281144975
1,5,2,3.0050251281144975
2,5,2,234999602.0
3,5,2,3.0101010125863725
4,5,2,234999602.0
5,5,2,3.0101010125863725
6,6,2,117499803.01010102
7,6,2,117499803.00502512
8,4,2,300.0002580786348
9,3,2,200.00002486372574
10,4,3,234999602.0
11,3,3,200.00000275905126
0,1
