index,hight,width,estimate
0,4,2,101.00000144148115
1,5,2,143251901.5000014
2,5,2,759256000.0000014
3,4,2,133708901.50000142
4,4,2,66854600.000340156
5,3,2,291.7387857887748
6,3,2,291.73878578911655
7,4,2,391.7388529414878
8,3,3,66854500.000072464
9,3,3,291.73871332718625
0,9
