index,hight,width,estimate
0,6,2,41637.976870755854
1,5,2,36712.04013507052
2,4,3,49597.10993356703
3,5,3,44432.913334929086
4,4,3,39422.037707286734
5,6,3,47274.90543226222
6,3,3,52246.559594690865
7,4,3,44432.913334929086
8,4,3,44432.913334929086
9,3,3,52246.559594690865
10,4,4,47274.90543226222
11,4,4,55498.02754530723
12,3,4,52524.04092285719
13,3,4,55216.117459651614
14,3,4,52524.04092285719
15,4,4,47274.90543226222
16,3,5,55498.02754530723
1,4,0,3
8,7,15,6
