index,hight,width,estimate
0,4,1,30.230409040190032
1,3,2,31.65761025107529
0,1

