index,hight,width,estimate,root_children
0,6,2,6.456360425798343e+19,2
1,5,3,6.456360425798343e+19,2
2,5,3,6.456360425798343e+19,3
3,5,3,6.456360425798343e+19,2
4,6,3,6.456360425798343e+19,2
5,6,3,6.456360425798343e+19,2
6,5,3,6.456360425798343e+19,3
7,7,3,6.456360425798343e+19,2
8,5,4,6.456360425798343e+19,2
9,6,4,6.456360425798343e+19,2
2,5,3,6.456360425798343e+19,3
