index,hight,width,estimate
0,7,2,30.989163177675337
1,7,2,19.1883362470793
2,5,3,25.627944709339353
1,2,0

