index,hight,width,estimate
0,5,1,8.061870425261207
1,4,2,6.728282336517206
2,4,2,26.53020163617034
3,3,2,1.29103793826798
4,3,2,1.2912959876748293
5,2,3,3.967351930621531
1,0,2
3,4,5
