index,hight,width,estimate,root_children
0,5,2,3.6893488147419103e+19,1
1,7,2,4.611686018427388e+19,1
2,6,2,4.611686018427388e+19,1
3,6,2,3.6893488147419103e+19,1
4,6,2,3.6893488147419103e+19,1
5,6,2,3.6893488147419103e+19,1
6,7,2,4.611686018427388e+19,1
7,7,2,4.611686018427388e+19,1
8,6,2,4.611686018427388e+19,1
9,7,2,4.611686018427388e+19,1
0,5,2,3.6893488147419103e+19,1
