index,hight,width,estimate
0,4,2,132.4936270780175
1,5,2,3.847300857323596
2,5,2,66.27749521940731
3,4,2,66.27749521940731
4,3,2,3.8879886071703957
5,3,3,3.928676357017196
1,2,0
4,5,3
