index,hight,width,estimate
0,5,2,14.51295953565147
1,4,2,14.549649381324581
2,5,2,3.9634128609389863
3,3,2,3.965414343674291
4,4,2,3.941687070997491
5,3,3,3.963466063219891
2,0,1
4,5,3
