index,hight,width,estimate
0,5,1,55688.56333936735
1,5,2,55780.54844228532
2,6,2,55688.56333936735
3,5,2,55688.56333936735
4,5,2,41305.982704320464
5,5,2,55780.54844228532
6,6,2,55688.56333936735
7,5,2,55780.50847544592
8,5,2,55688.56333936735
9,4,2,41305.982704320464
10,4,2,55688.56333936735
11,4,3,55688.56333936735
4,6,2,3
9,0,10
