index,hight,width,estimate
0,4,1,618580.0753065072
1,4,1,1326085.2897792659
2,3,2,420461.20576999796
3,3,2,383.77484879460883
4,3,2,383.77484879460883
3,2,0,1
4
