index,hight,width,estimate
0,4,1,44615.8091782137
1,3,2,46957.53301547658
0,1

